INSERT INTO `branch` (`id`, `name`, `created_at`, `updated_at`) VALUES
    (1,	'Gucci',	'2022-10-20 09:02:35.000',	'2022-10-20 09:02:35.000'),
    (2,	'Channel',	'2022-10-20 09:02:35.000',	'2022-10-20 09:02:35.000'),
    (3,	'Luxury',	'2022-10-20 09:02:35.000',	'2022-10-20 09:02:35.000');

INSERT INTO `product` (`id`, `name`, `branch_id`, `active`, `price`, `created_at`, `updated_at`) VALUES
    (1,	'Men T-Shirt',	1,	1,	5,  '2022-10-20 09:02:35.000',	'2022-10-20 09:02:35.000'),
    (2,	'Women T-Shirt',1,	1,	4,  '2022-10-20 09:02:35.000',	'2022-10-20 09:02:35.000'),
    (3,	'Women Bag',	2,	1,	10, '2022-10-20 09:02:35.000',	'2022-10-20 09:02:35.000'),
    (4,	'Trouser',	    3,	1,	20, '2022-10-20 09:02:35.000',	'2022-10-20 09:02:35.000');

INSERT INTO `option` (`id`, `product_id`, `name`, `created_at`, `updated_at`) VALUES
    (1,	1,	'Size',	    '2022-10-20 09:07:13.000',	'2022-10-20 09:07:13.000'),
    (2,	1,	'Color',	'2022-10-20 09:07:35.000',	'2022-10-20 09:07:35.000'),
    (3,	2,	'Class',	'2022-10-20 09:08:14.000',	'2022-10-20 09:08:14.000'),
    (4,	2,	'Color',	'2022-10-20 09:08:38.000',	'2022-10-20 09:08:38.000');

INSERT INTO `option_value` (`id`, `product_id`, `option_id`, `value_name`, `created_at`, `updated_at`) VALUES
   (1,	1,	1,	'40',	'2022-10-20 09:10:54.000',	'2022-10-20 09:10:54.000'),
   (2,	1,	1,	'41',	'2022-10-20 09:11:17.000',	'2022-10-20 09:11:17.000'),
   (3,	1,	2,	'red',	'2022-10-20 09:11:56.000',	'2022-10-20 09:11:56.000'),
   (4,	1,	2,	'blue',	'2022-10-20 09:12:12.000',	'2022-10-20 09:12:12.000'),
   (5,	2,	3,	'A',	'2022-10-20 09:13:20.000',	'2022-10-20 09:13:20.000'),
   (6,	2,	3,	'B',	'2022-10-20 09:13:36.000',	'2022-10-20 09:13:36.000'),
   (7,	2,	4,	'red',	'2022-10-20 09:13:59.000',	'2022-10-20 09:13:59.000'),
   (8,	2,	4,	'blue',	'2022-10-20 09:14:23.000',	'2022-10-20 09:14:23.000');

INSERT INTO `product_sku` (`sku_id`, `product_id`, `sku`, `price`, `created_at`, `updated_at`) VALUES
   (1,	1,	'TR40',	30,	'2022-10-20 09:16:26.000',	'2022-10-20 09:16:26.000'),
   (2,	1,	'TB41',	40,	'2022-10-20 09:16:59.000',	'2022-10-20 09:16:59.000'),
   (3,	1,	'TR41',	50,	'2022-10-20 09:17:55.000',	'2022-10-20 09:17:55.000'),
   (4,	1,	'TB40',	60,	'2022-10-20 09:18:48.000',	'2022-10-20 09:18:48.000'),
   (5,	2,	'BAR',	50,	'2022-10-20 09:19:33.000',	'2022-10-20 09:19:33.000'),
   (6,	2,	'BBB',	100,'2022-10-20 09:19:57.000',	'2022-10-20 09:19:57.000');

INSERT INTO `sku_values` (`product_id`, `sku_id`, `option_id`, `value_id`, `created_at`, `updated_at`) VALUES
    (1,	1,	1,	1,	'2022-10-20 09:24:14.000',	'2022-10-20 09:24:14.000'),
    (1,	1,	2,	3,	'2022-10-20 09:25:42.000',	'2022-10-20 09:25:42.000'),
    (1,	2,	1,	2,	'2022-10-20 09:29:51.000',	'2022-10-20 09:29:51.000'),
    (1,	2,	2,	4,	'2022-10-20 09:30:36.000',	'2022-10-20 09:30:36.000'),
    (1,	3,	1,	2,	'2022-10-20 09:35:15.000',	'2022-10-20 09:35:15.000'),
    (1,	3,	2,	3,	'2022-10-20 09:36:47.000',	'2022-10-20 09:36:47.000'),
    (1,	4,	1,	1,	'2022-10-20 09:37:28.000',	'2022-10-20 09:37:28.000'),
    (1,	4,	2,	4,	'2022-10-20 09:39:01.000',	'2022-10-20 09:39:01.000'),
    (2,	5,	3,	5,	'2022-10-20 09:40:11.000',	'2022-10-20 09:40:11.000'),
    (2,	5,	4,	7,	'2022-10-20 09:40:40.000',	'2022-10-20 09:40:40.000'),
    (2,	6,	3,	6,	'2022-10-20 09:41:24.000',	'2022-10-20 09:41:24.000'),
    (2,	6,	4,	8,	'2022-10-20 09:43:35.000',	'2022-10-20 09:43:35.000');
